Replicate	Date_time	Parameter	Measure	Measure_unit
1	2023-10-08 01:14:34.159	frequency	2805	MHz
1	2023-10-08 01:14:34.159	utilization	17	percent
1	2023-10-08 01:14:34.159	package_power	70.48	W
1	2023-10-08 01:14:34.265	frequency	2805	MHz
1	2023-10-08 01:14:34.265	utilization	1	percent
1	2023-10-08 01:14:34.265	package_power	68.60	W
1	2023-10-08 01:14:34.352	frequency	2805	MHz
1	2023-10-08 01:14:34.352	utilization	1	percent
1	2023-10-08 01:14:34.352	package_power	66.14	W
1	2023-10-08 01:14:34.440	frequency	2805	MHz
1	2023-10-08 01:14:34.440	utilization	1	percent
1	2023-10-08 01:14:34.440	package_power	65.72	W
1	2023-10-08 01:14:34.540	frequency	2805	MHz
1	2023-10-08 01:14:34.540	utilization	1	percent
1	2023-10-08 01:14:34.540	package_power	63.23	W
1	2023-10-08 01:14:34.626	frequency	2805	MHz
1	2023-10-08 01:14:34.626	utilization	1	percent
1	2023-10-08 01:14:34.626	package_power	60.52	W
1	2023-10-08 01:14:34.713	frequency	2805	MHz
1	2023-10-08 01:14:34.713	utilization	1	percent
1	2023-10-08 01:14:34.713	package_power	60.27	W
1	2023-10-08 01:14:34.828	frequency	2805	MHz
1	2023-10-08 01:14:34.828	utilization	0	percent
1	2023-10-08 01:14:34.828	package_power	58.62	W
1	2023-10-08 01:14:35.002	frequency	2805	MHz
1	2023-10-08 01:14:35.002	utilization	19	percent
1	2023-10-08 01:14:35.002	package_power	62.46	W
1	2023-10-08 01:14:35.204	frequency	2505	MHz
1	2023-10-08 01:14:35.204	utilization	32	percent
1	2023-10-08 01:14:35.204	package_power	66.07	W
1	2023-10-08 01:14:35.408	frequency	2505	MHz
1	2023-10-08 01:14:35.408	utilization	38	percent
1	2023-10-08 01:14:35.408	package_power	67.49	W
1	2023-10-08 01:14:35.650	frequency	2505	MHz
1	2023-10-08 01:14:35.650	utilization	32	percent
1	2023-10-08 01:14:35.650	package_power	70.21	W
1	2023-10-08 01:14:35.867	frequency	2505	MHz
1	2023-10-08 01:14:35.867	utilization	33	percent
1	2023-10-08 01:14:35.867	package_power	72.25	W
1	2023-10-08 01:14:36.085	frequency	2505	MHz
1	2023-10-08 01:14:36.085	utilization	36	percent
1	2023-10-08 01:14:36.085	package_power	68.82	W
1	2023-10-08 01:14:36.308	frequency	2505	MHz
1	2023-10-08 01:14:36.308	utilization	32	percent
1	2023-10-08 01:14:36.308	package_power	66.88	W
1	2023-10-08 01:14:36.524	frequency	2505	MHz
1	2023-10-08 01:14:36.524	utilization	38	percent
1	2023-10-08 01:14:36.524	package_power	66.67	W
1	2023-10-08 01:14:36.739	frequency	2505	MHz
1	2023-10-08 01:14:36.739	utilization	29	percent
1	2023-10-08 01:14:36.739	package_power	66.17	W
1	2023-10-08 01:14:36.935	frequency	2505	MHz
1	2023-10-08 01:14:36.935	utilization	34	percent
1	2023-10-08 01:14:36.935	package_power	66.04	W
1	2023-10-08 01:14:37.136	frequency	2505	MHz
1	2023-10-08 01:14:37.136	utilization	32	percent
1	2023-10-08 01:14:37.136	package_power	66.25	W
1	2023-10-08 01:14:37.368	frequency	2505	MHz
1	2023-10-08 01:14:37.368	utilization	35	percent
1	2023-10-08 01:14:37.368	package_power	67.73	W
1	2023-10-08 01:14:37.562	frequency	2505	MHz
1	2023-10-08 01:14:37.562	utilization	33	percent
1	2023-10-08 01:14:37.562	package_power	68.22	W
1	2023-10-08 01:14:37.781	frequency	2505	MHz
1	2023-10-08 01:14:37.781	utilization	31	percent
1	2023-10-08 01:14:37.781	package_power	67.32	W
1	2023-10-08 01:14:37.994	frequency	2595	MHz
1	2023-10-08 01:14:37.994	utilization	42	percent
1	2023-10-08 01:14:37.994	package_power	67.32	W
1	2023-10-08 01:14:38.215	frequency	2595	MHz
1	2023-10-08 01:14:38.215	utilization	29	percent
1	2023-10-08 01:14:38.215	package_power	69.21	W
1	2023-10-08 01:14:38.443	frequency	2595	MHz
1	2023-10-08 01:14:38.443	utilization	34	percent
1	2023-10-08 01:14:38.443	package_power	69.85	W
1	2023-10-08 01:14:38.668	frequency	2595	MHz
1	2023-10-08 01:14:38.668	utilization	37	percent
1	2023-10-08 01:14:38.668	package_power	69.34	W
1	2023-10-08 01:14:38.869	frequency	2595	MHz
1	2023-10-08 01:14:38.869	utilization	29	percent
1	2023-10-08 01:14:38.869	package_power	68.69	W
1	2023-10-08 01:14:39.081	frequency	2595	MHz
1	2023-10-08 01:14:39.081	utilization	35	percent
1	2023-10-08 01:14:39.081	package_power	68.41	W
1	2023-10-08 01:14:39.280	frequency	2595	MHz
1	2023-10-08 01:14:39.280	utilization	29	percent
1	2023-10-08 01:14:39.280	package_power	66.91	W
1	2023-10-08 01:14:39.503	frequency	2595	MHz
1	2023-10-08 01:14:39.503	utilization	33	percent
1	2023-10-08 01:14:39.503	package_power	65.76	W
1	2023-10-08 01:14:39.704	frequency	2595	MHz
1	2023-10-08 01:14:39.704	utilization	36	percent
1	2023-10-08 01:14:39.704	package_power	66.41	W
1	2023-10-08 01:14:39.924	frequency	2505	MHz
1	2023-10-08 01:14:39.924	utilization	27	percent
1	2023-10-08 01:14:39.924	package_power	66.24	W
1	2023-10-08 01:14:40.033	frequency	2505	MHz
1	2023-10-08 01:14:40.033	utilization	19	percent
1	2023-10-08 01:14:40.033	package_power	65.60	W
1	2023-10-08 01:14:40.120	frequency	2505	MHz
1	2023-10-08 01:14:40.120	utilization	19	percent
1	2023-10-08 01:14:40.120	package_power	63.72	W
1	2023-10-08 01:14:40.207	frequency	2505	MHz
1	2023-10-08 01:14:40.207	utilization	0	percent
1	2023-10-08 01:14:40.207	package_power	63.29	W
1	2023-10-08 01:14:40.307	frequency	2505	MHz
1	2023-10-08 01:14:40.307	utilization	0	percent
1	2023-10-08 01:14:40.307	package_power	61.96	W
1	2023-10-08 01:14:40.406	frequency	2505	MHz
1	2023-10-08 01:14:40.406	utilization	10	percent
1	2023-10-08 01:14:40.406	package_power	64.08	W
1	2023-10-08 01:14:40.574	frequency	2505	MHz
1	2023-10-08 01:14:40.574	utilization	10	percent
1	2023-10-08 01:14:40.574	package_power	64.08	W
1	2023-10-08 01:14:40.673	frequency	2505	MHz
1	2023-10-08 01:14:40.673	utilization	19	percent
1	2023-10-08 01:14:40.673	package_power	62.15	W
1	2023-10-08 01:14:40.760	frequency	2505	MHz
1	2023-10-08 01:14:40.760	utilization	19	percent
1	2023-10-08 01:14:40.760	package_power	60.53	W
1	2023-10-08 01:14:40.936	frequency	2505	MHz
1	2023-10-08 01:14:40.936	utilization	8	percent
1	2023-10-08 01:14:40.936	package_power	59.24	W
1	2023-10-08 01:14:41.036	frequency	2505	MHz
1	2023-10-08 01:14:41.036	utilization	24	percent
1	2023-10-08 01:14:41.036	package_power	58.43	W
1	2023-10-08 01:14:41.175	frequency	2505	MHz
1	2023-10-08 01:14:41.175	utilization	41	percent
1	2023-10-08 01:14:41.175	package_power	63.44	W
1	2023-10-08 01:14:41.382	frequency	2595	MHz
1	2023-10-08 01:14:41.382	utilization	55	percent
1	2023-10-08 01:14:41.382	package_power	67.36	W
1	2023-10-08 01:14:41.571	frequency	2805	MHz
1	2023-10-08 01:14:41.571	utilization	55	percent
1	2023-10-08 01:14:41.571	package_power	70.93	W
1	2023-10-08 01:14:41.804	frequency	2790	MHz
1	2023-10-08 01:14:41.804	utilization	68	percent
1	2023-10-08 01:14:41.804	package_power	81.84	W
1	2023-10-08 01:14:42.123	frequency	2790	MHz
1	2023-10-08 01:14:42.123	utilization	41	percent
1	2023-10-08 01:14:42.123	package_power	86.57	W
1	2023-10-08 01:14:42.310	frequency	2790	MHz
1	2023-10-08 01:14:42.310	utilization	59	percent
1	2023-10-08 01:14:42.310	package_power	92.73	W
1	2023-10-08 01:14:42.590	frequency	2790	MHz
1	2023-10-08 01:14:42.590	utilization	51	percent
1	2023-10-08 01:14:42.590	package_power	93.84	W
1	2023-10-08 01:14:42.781	frequency	2790	MHz
1	2023-10-08 01:14:42.781	utilization	66	percent
1	2023-10-08 01:14:42.781	package_power	96.52	W
1	2023-10-08 01:14:42.991	frequency	2805	MHz
1	2023-10-08 01:14:42.991	utilization	48	percent
1	2023-10-08 01:14:42.991	package_power	95.76	W
1	2023-10-08 01:14:43.194	frequency	2805	MHz
1	2023-10-08 01:14:43.194	utilization	57	percent
1	2023-10-08 01:14:43.194	package_power	97.52	W
1	2023-10-08 01:14:43.419	frequency	2805	MHz
1	2023-10-08 01:14:43.419	utilization	65	percent
1	2023-10-08 01:14:43.419	package_power	92.05	W
1	2023-10-08 01:14:43.635	frequency	2805	MHz
1	2023-10-08 01:14:43.635	utilization	47	percent
1	2023-10-08 01:14:43.635	package_power	92.62	W
1	2023-10-08 01:14:43.837	frequency	2790	MHz
1	2023-10-08 01:14:43.837	utilization	58	percent
1	2023-10-08 01:14:43.837	package_power	96.40	W
1	2023-10-08 01:14:44.057	frequency	2790	MHz
1	2023-10-08 01:14:44.057	utilization	51	percent
1	2023-10-08 01:14:44.057	package_power	97.04	W
1	2023-10-08 01:14:44.257	frequency	2790	MHz
1	2023-10-08 01:14:44.257	utilization	58	percent
1	2023-10-08 01:14:44.257	package_power	97.97	W
1	2023-10-08 01:14:44.461	frequency	2790	MHz
1	2023-10-08 01:14:44.461	utilization	68	percent
1	2023-10-08 01:14:44.461	package_power	97.21	W
1	2023-10-08 01:14:44.674	frequency	2790	MHz
1	2023-10-08 01:14:44.674	utilization	46	percent
1	2023-10-08 01:14:44.674	package_power	98.30	W
1	2023-10-08 01:14:44.874	frequency	2790	MHz
1	2023-10-08 01:14:44.874	utilization	54	percent
1	2023-10-08 01:14:44.874	package_power	98.43	W
1	2023-10-08 01:14:45.087	frequency	2790	MHz
1	2023-10-08 01:14:45.087	utilization	64	percent
1	2023-10-08 01:14:45.087	package_power	93.74	W
1	2023-10-08 01:14:45.317	frequency	2790	MHz
1	2023-10-08 01:14:45.317	utilization	53	percent
1	2023-10-08 01:14:45.317	package_power	93.31	W
1	2023-10-08 01:14:45.549	frequency	2805	MHz
1	2023-10-08 01:14:45.549	utilization	45	percent
1	2023-10-08 01:14:45.549	package_power	87.00	W
1	2023-10-08 01:14:45.800	frequency	2805	MHz
1	2023-10-08 01:14:45.800	utilization	56	percent
1	2023-10-08 01:14:45.800	package_power	85.74	W
1	2023-10-08 01:14:46.014	frequency	2790	MHz
1	2023-10-08 01:14:46.014	utilization	68	percent
1	2023-10-08 01:14:46.014	package_power	85.35	W
1	2023-10-08 01:14:46.213	frequency	2790	MHz
1	2023-10-08 01:14:46.213	utilization	50	percent
1	2023-10-08 01:14:46.213	package_power	90.73	W
1	2023-10-08 01:14:46.423	frequency	2790	MHz
1	2023-10-08 01:14:46.423	utilization	57	percent
1	2023-10-08 01:14:46.423	package_power	91.36	W
1	2023-10-08 01:14:46.657	frequency	2790	MHz
1	2023-10-08 01:14:46.657	utilization	63	percent
1	2023-10-08 01:14:46.657	package_power	92.50	W
1	2023-10-08 01:14:46.926	frequency	2790	MHz
1	2023-10-08 01:14:46.926	utilization	40	percent
1	2023-10-08 01:14:46.926	package_power	94.99	W
1	2023-10-08 01:14:47.133	frequency	2805	MHz
1	2023-10-08 01:14:47.133	utilization	42	percent
1	2023-10-08 01:14:47.133	package_power	90.45	W
1	2023-10-08 01:14:47.477	frequency	2805	MHz
1	2023-10-08 01:14:47.477	utilization	48	percent
1	2023-10-08 01:14:47.477	package_power	88.96	W
1	2023-10-08 01:14:47.688	frequency	2805	MHz
1	2023-10-08 01:14:47.688	utilization	62	percent
1	2023-10-08 01:14:47.688	package_power	90.18	W
2	2023-10-08 01:14:48.133	frequency	2805	MHz
2	2023-10-08 01:14:48.133	utilization	3	percent
2	2023-10-08 01:14:48.133	package_power	80.94	W
2	2023-10-08 01:14:48.243	frequency	2805	MHz
2	2023-10-08 01:14:48.243	utilization	2	percent
2	2023-10-08 01:14:48.243	package_power	77.83	W
2	2023-10-08 01:14:48.330	frequency	2805	MHz
2	2023-10-08 01:14:48.330	utilization	2	percent
2	2023-10-08 01:14:48.330	package_power	77.75	W
2	2023-10-08 01:14:48.416	frequency	2805	MHz
2	2023-10-08 01:14:48.416	utilization	0	percent
2	2023-10-08 01:14:48.416	package_power	74.90	W
2	2023-10-08 01:14:48.528	frequency	2805	MHz
2	2023-10-08 01:14:48.528	utilization	0	percent
2	2023-10-08 01:14:48.528	package_power	71.65	W
2	2023-10-08 01:14:48.615	frequency	2805	MHz
2	2023-10-08 01:14:48.615	utilization	1	percent
2	2023-10-08 01:14:48.615	package_power	67.07	W
2	2023-10-08 01:14:48.702	frequency	2805	MHz
2	2023-10-08 01:14:48.702	utilization	1	percent
2	2023-10-08 01:14:48.702	package_power	65.42	W
2	2023-10-08 01:14:48.827	frequency	2805	MHz
2	2023-10-08 01:14:48.827	utilization	0	percent
2	2023-10-08 01:14:48.827	package_power	59.17	W
2	2023-10-08 01:14:49.039	frequency	2805	MHz
2	2023-10-08 01:14:49.039	utilization	26	percent
2	2023-10-08 01:14:49.039	package_power	62.21	W
2	2023-10-08 01:14:49.259	frequency	2805	MHz
2	2023-10-08 01:14:49.259	utilization	28	percent
2	2023-10-08 01:14:49.259	package_power	65.94	W
2	2023-10-08 01:14:49.462	frequency	2805	MHz
2	2023-10-08 01:14:49.462	utilization	36	percent
2	2023-10-08 01:14:49.462	package_power	69.81	W
2	2023-10-08 01:14:49.684	frequency	2505	MHz
2	2023-10-08 01:14:49.684	utilization	25	percent
2	2023-10-08 01:14:49.684	package_power	73.00	W
2	2023-10-08 01:14:49.877	frequency	2505	MHz
2	2023-10-08 01:14:49.877	utilization	32	percent
2	2023-10-08 01:14:49.877	package_power	75.20	W
2	2023-10-08 01:14:50.082	frequency	2505	MHz
2	2023-10-08 01:14:50.082	utilization	40	percent
2	2023-10-08 01:14:50.082	package_power	73.96	W
2	2023-10-08 01:14:50.302	frequency	2505	MHz
2	2023-10-08 01:14:50.302	utilization	29	percent
2	2023-10-08 01:14:50.302	package_power	72.74	W
2	2023-10-08 01:14:50.520	frequency	2505	MHz
2	2023-10-08 01:14:50.520	utilization	37	percent
2	2023-10-08 01:14:50.520	package_power	69.73	W
2	2023-10-08 01:14:50.729	frequency	2505	MHz
2	2023-10-08 01:14:50.729	utilization	34	percent
2	2023-10-08 01:14:50.729	package_power	68.61	W
2	2023-10-08 01:14:50.951	frequency	2505	MHz
2	2023-10-08 01:14:50.951	utilization	39	percent
2	2023-10-08 01:14:50.951	package_power	68.12	W
2	2023-10-08 01:14:51.177	frequency	2505	MHz
2	2023-10-08 01:14:51.177	utilization	31	percent
2	2023-10-08 01:14:51.177	package_power	67.75	W
2	2023-10-08 01:14:51.379	frequency	2505	MHz
2	2023-10-08 01:14:51.379	utilization	36	percent
2	2023-10-08 01:14:51.379	package_power	66.90	W
2	2023-10-08 01:14:51.584	frequency	2505	MHz
2	2023-10-08 01:14:51.584	utilization	36	percent
2	2023-10-08 01:14:51.584	package_power	67.83	W
2	2023-10-08 01:14:51.821	frequency	2505	MHz
2	2023-10-08 01:14:51.821	utilization	33	percent
2	2023-10-08 01:14:51.821	package_power	66.92	W
2	2023-10-08 01:14:52.012	frequency	2505	MHz
2	2023-10-08 01:14:52.012	utilization	38	percent
2	2023-10-08 01:14:52.012	package_power	66.96	W
2	2023-10-08 01:14:52.221	frequency	2505	MHz
2	2023-10-08 01:14:52.221	utilization	30	percent
2	2023-10-08 01:14:52.221	package_power	66.39	W
2	2023-10-08 01:14:52.430	frequency	2505	MHz
2	2023-10-08 01:14:52.430	utilization	36	percent
2	2023-10-08 01:14:52.430	package_power	66.43	W
2	2023-10-08 01:14:52.674	frequency	2505	MHz
2	2023-10-08 01:14:52.674	utilization	40	percent
2	2023-10-08 01:14:52.674	package_power	66.92	W
2	2023-10-08 01:14:52.874	frequency	2505	MHz
2	2023-10-08 01:14:52.874	utilization	26	percent
2	2023-10-08 01:14:52.874	package_power	67.24	W
2	2023-10-08 01:14:53.121	frequency	2505	MHz
2	2023-10-08 01:14:53.121	utilization	37	percent
2	2023-10-08 01:14:53.121	package_power	67.25	W
2	2023-10-08 01:14:53.312	frequency	2505	MHz
2	2023-10-08 01:14:53.312	utilization	33	percent
2	2023-10-08 01:14:53.312	package_power	68.39	W
2	2023-10-08 01:14:53.523	frequency	2505	MHz
2	2023-10-08 01:14:53.523	utilization	33	percent
2	2023-10-08 01:14:53.523	package_power	68.95	W
2	2023-10-08 01:14:53.731	frequency	2505	MHz
2	2023-10-08 01:14:53.731	utilization	30	percent
2	2023-10-08 01:14:53.731	package_power	68.30	W
2	2023-10-08 01:14:53.943	frequency	2505	MHz
2	2023-10-08 01:14:53.943	utilization	30	percent
2	2023-10-08 01:14:53.943	package_power	68.02	W
2	2023-10-08 01:14:54.055	frequency	2505	MHz
2	2023-10-08 01:14:54.055	utilization	23	percent
2	2023-10-08 01:14:54.055	package_power	67.22	W
2	2023-10-08 01:14:54.142	frequency	2505	MHz
2	2023-10-08 01:14:54.142	utilization	23	percent
2	2023-10-08 01:14:54.142	package_power	65.45	W
2	2023-10-08 01:14:54.229	frequency	2505	MHz
2	2023-10-08 01:14:54.229	utilization	0	percent
2	2023-10-08 01:14:54.229	package_power	63.77	W
2	2023-10-08 01:14:54.337	frequency	2505	MHz
2	2023-10-08 01:14:54.337	utilization	0	percent
2	2023-10-08 01:14:54.337	package_power	63.15	W
2	2023-10-08 01:14:54.431	frequency	2505	MHz
2	2023-10-08 01:14:54.431	utilization	3	percent
2	2023-10-08 01:14:54.431	package_power	61.97	W
2	2023-10-08 01:14:54.606	frequency	2505	MHz
2	2023-10-08 01:14:54.606	utilization	25	percent
2	2023-10-08 01:14:54.606	package_power	60.39	W
2	2023-10-08 01:14:54.702	frequency	2505	MHz
2	2023-10-08 01:14:54.702	utilization	25	percent
2	2023-10-08 01:14:54.702	package_power	59.15	W
2	2023-10-08 01:14:54.806	frequency	2505	MHz
2	2023-10-08 01:14:54.806	utilization	6	percent
2	2023-10-08 01:14:54.806	package_power	60.32	W
2	2023-10-08 01:14:54.965	frequency	2505	MHz
2	2023-10-08 01:14:54.965	utilization	6	percent
2	2023-10-08 01:14:54.965	package_power	58.06	W
2	2023-10-08 01:14:55.096	frequency	2505	MHz
2	2023-10-08 01:14:55.096	utilization	26	percent
2	2023-10-08 01:14:55.096	package_power	65.77	W
2	2023-10-08 01:14:55.311	frequency	2805	MHz
2	2023-10-08 01:14:55.311	utilization	49	percent
2	2023-10-08 01:14:55.311	package_power	70.99	W
2	2023-10-08 01:14:55.548	frequency	2805	MHz
2	2023-10-08 01:14:55.548	utilization	61	percent
2	2023-10-08 01:14:55.548	package_power	77.15	W
2	2023-10-08 01:14:55.761	frequency	2805	MHz
2	2023-10-08 01:14:55.761	utilization	58	percent
2	2023-10-08 01:14:55.761	package_power	84.70	W
2	2023-10-08 01:14:56.018	frequency	2805	MHz
2	2023-10-08 01:14:56.018	utilization	48	percent
2	2023-10-08 01:14:56.018	package_power	91.53	W
2	2023-10-08 01:14:56.219	frequency	2805	MHz
2	2023-10-08 01:14:56.219	utilization	62	percent
2	2023-10-08 01:14:56.219	package_power	91.18	W
2	2023-10-08 01:14:56.430	frequency	2805	MHz
2	2023-10-08 01:14:56.430	utilization	50	percent
2	2023-10-08 01:14:56.430	package_power	93.46	W
2	2023-10-08 01:14:56.629	frequency	2805	MHz
2	2023-10-08 01:14:56.629	utilization	56	percent
2	2023-10-08 01:14:56.629	package_power	92.61	W
2	2023-10-08 01:14:56.851	frequency	2805	MHz
2	2023-10-08 01:14:56.851	utilization	64	percent
2	2023-10-08 01:14:56.851	package_power	91.14	W
2	2023-10-08 01:14:57.079	frequency	2805	MHz
2	2023-10-08 01:14:57.079	utilization	50	percent
2	2023-10-08 01:14:57.079	package_power	90.05	W
2	2023-10-08 01:14:57.299	frequency	2805	MHz
2	2023-10-08 01:14:57.299	utilization	53	percent
2	2023-10-08 01:14:57.299	package_power	89.36	W
2	2023-10-08 01:14:57.504	frequency	2805	MHz
2	2023-10-08 01:14:57.504	utilization	65	percent
2	2023-10-08 01:14:57.504	package_power	89.86	W
2	2023-10-08 01:14:57.729	frequency	2805	MHz
2	2023-10-08 01:14:57.729	utilization	62	percent
2	2023-10-08 01:14:57.729	package_power	92.67	W
2	2023-10-08 01:14:57.954	frequency	2805	MHz
2	2023-10-08 01:14:57.954	utilization	44	percent
2	2023-10-08 01:14:57.954	package_power	92.02	W
2	2023-10-08 01:14:58.195	frequency	2805	MHz
2	2023-10-08 01:14:58.195	utilization	61	percent
2	2023-10-08 01:14:58.195	package_power	96.21	W
2	2023-10-08 01:14:58.408	frequency	2805	MHz
2	2023-10-08 01:14:58.408	utilization	64	percent
2	2023-10-08 01:14:58.408	package_power	93.67	W
2	2023-10-08 01:14:58.627	frequency	2805	MHz
2	2023-10-08 01:14:58.627	utilization	52	percent
2	2023-10-08 01:14:58.627	package_power	93.94	W
2	2023-10-08 01:14:58.836	frequency	2805	MHz
2	2023-10-08 01:14:58.836	utilization	56	percent
2	2023-10-08 01:14:58.836	package_power	93.43	W
2	2023-10-08 01:14:59.078	frequency	2805	MHz
2	2023-10-08 01:14:59.078	utilization	56	percent
2	2023-10-08 01:14:59.078	package_power	97.56	W
2	2023-10-08 01:14:59.296	frequency	2805	MHz
2	2023-10-08 01:14:59.296	utilization	56	percent
2	2023-10-08 01:14:59.296	package_power	95.19	W
2	2023-10-08 01:14:59.500	frequency	2805	MHz
2	2023-10-08 01:14:59.500	utilization	63	percent
2	2023-10-08 01:14:59.500	package_power	96.90	W
2	2023-10-08 01:14:59.714	frequency	2805	MHz
2	2023-10-08 01:14:59.714	utilization	53	percent
2	2023-10-08 01:14:59.714	package_power	94.64	W
2	2023-10-08 01:14:59.957	frequency	2790	MHz
2	2023-10-08 01:14:59.957	utilization	62	percent
2	2023-10-08 01:14:59.957	package_power	92.65	W
2	2023-10-08 01:15:00.141	frequency	2805	MHz
2	2023-10-08 01:15:00.141	utilization	23	percent
2	2023-10-08 01:15:00.141	package_power	87.74	W
2	2023-10-08 01:15:00.348	frequency	2805	MHz
2	2023-10-08 01:15:00.348	utilization	62	percent
2	2023-10-08 01:15:00.348	package_power	87.55	W
2	2023-10-08 01:15:00.552	frequency	2805	MHz
2	2023-10-08 01:15:00.552	utilization	50	percent
2	2023-10-08 01:15:00.552	package_power	90.24	W
2	2023-10-08 01:15:00.774	frequency	2805	MHz
2	2023-10-08 01:15:00.774	utilization	58	percent
2	2023-10-08 01:15:00.774	package_power	88.96	W
2	2023-10-08 01:15:00.976	frequency	2790	MHz
2	2023-10-08 01:15:00.976	utilization	68	percent
2	2023-10-08 01:15:00.976	package_power	90.17	W
2	2023-10-08 01:15:01.195	frequency	2790	MHz
2	2023-10-08 01:15:01.195	utilization	50	percent
2	2023-10-08 01:15:01.195	package_power	94.45	W
2	2023-10-08 01:15:01.472	frequency	2790	MHz
2	2023-10-08 01:15:01.472	utilization	47	percent
2	2023-10-08 01:15:01.472	package_power	95.67	W
2	2023-10-08 01:15:01.670	frequency	2790	MHz
2	2023-10-08 01:15:01.670	utilization	53	percent
2	2023-10-08 01:15:01.670	package_power	94.81	W
3	2023-10-08 01:15:02.054	frequency	2805	MHz
3	2023-10-08 01:15:02.054	utilization	1	percent
3	2023-10-08 01:15:02.054	package_power	85.26	W
3	2023-10-08 01:15:02.161	frequency	2805	MHz
3	2023-10-08 01:15:02.161	utilization	1	percent
3	2023-10-08 01:15:02.161	package_power	81.80	W
3	2023-10-08 01:15:02.248	frequency	2805	MHz
3	2023-10-08 01:15:02.248	utilization	2	percent
3	2023-10-08 01:15:02.248	package_power	79.53	W
3	2023-10-08 01:15:02.335	frequency	2805	MHz
3	2023-10-08 01:15:02.335	utilization	2	percent
3	2023-10-08 01:15:02.335	package_power	75.71	W
3	2023-10-08 01:15:02.442	frequency	2805	MHz
3	2023-10-08 01:15:02.442	utilization	1	percent
3	2023-10-08 01:15:02.442	package_power	72.87	W
3	2023-10-08 01:15:02.529	frequency	2805	MHz
3	2023-10-08 01:15:02.529	utilization	1	percent
3	2023-10-08 01:15:02.529	package_power	68.06	W
3	2023-10-08 01:15:02.617	frequency	2805	MHz
3	2023-10-08 01:15:02.617	utilization	0	percent
3	2023-10-08 01:15:02.617	package_power	65.15	W
3	2023-10-08 01:15:02.743	frequency	2805	MHz
3	2023-10-08 01:15:02.743	utilization	13	percent
3	2023-10-08 01:15:02.743	package_power	59.97	W
3	2023-10-08 01:15:02.946	frequency	2805	MHz
3	2023-10-08 01:15:02.946	utilization	26	percent
3	2023-10-08 01:15:02.946	package_power	63.12	W
3	2023-10-08 01:15:03.155	frequency	2805	MHz
3	2023-10-08 01:15:03.155	utilization	30	percent
3	2023-10-08 01:15:03.155	package_power	65.65	W
3	2023-10-08 01:15:03.363	frequency	2805	MHz
3	2023-10-08 01:15:03.363	utilization	33	percent
3	2023-10-08 01:15:03.363	package_power	68.44	W
3	2023-10-08 01:15:03.573	frequency	2505	MHz
3	2023-10-08 01:15:03.573	utilization	26	percent
3	2023-10-08 01:15:03.573	package_power	71.70	W
3	2023-10-08 01:15:03.805	frequency	2535	MHz
3	2023-10-08 01:15:03.805	utilization	40	percent
3	2023-10-08 01:15:03.805	package_power	71.70	W
3	2023-10-08 01:15:04.009	frequency	2535	MHz
3	2023-10-08 01:15:04.009	utilization	29	percent
3	2023-10-08 01:15:04.009	package_power	69.03	W
3	2023-10-08 01:15:04.214	frequency	2535	MHz
3	2023-10-08 01:15:04.214	utilization	34	percent
3	2023-10-08 01:15:04.214	package_power	68.91	W
3	2023-10-08 01:15:04.411	frequency	2640	MHz
3	2023-10-08 01:15:04.411	utilization	42	percent
3	2023-10-08 01:15:04.411	package_power	67.23	W
3	2023-10-08 01:15:04.620	frequency	2640	MHz
3	2023-10-08 01:15:04.620	utilization	30	percent
3	2023-10-08 01:15:04.620	package_power	68.81	W
3	2023-10-08 01:15:04.833	frequency	2640	MHz
3	2023-10-08 01:15:04.833	utilization	31	percent
3	2023-10-08 01:15:04.833	package_power	68.78	W
3	2023-10-08 01:15:05.019	frequency	2640	MHz
3	2023-10-08 01:15:05.019	utilization	35	percent
3	2023-10-08 01:15:05.019	package_power	71.15	W
3	2023-10-08 01:15:05.244	frequency	2640	MHz
3	2023-10-08 01:15:05.244	utilization	29	percent
3	2023-10-08 01:15:05.244	package_power	73.16	W
3	2023-10-08 01:15:05.448	frequency	2640	MHz
3	2023-10-08 01:15:05.448	utilization	38	percent
3	2023-10-08 01:15:05.448	package_power	73.75	W
3	2023-10-08 01:15:05.666	frequency	2640	MHz
3	2023-10-08 01:15:05.666	utilization	29	percent
3	2023-10-08 01:15:05.666	package_power	74.60	W
3	2023-10-08 01:15:05.878	frequency	2640	MHz
3	2023-10-08 01:15:05.878	utilization	34	percent
3	2023-10-08 01:15:05.878	package_power	74.00	W
3	2023-10-08 01:15:06.119	frequency	2640	MHz
3	2023-10-08 01:15:06.119	utilization	37	percent
3	2023-10-08 01:15:06.119	package_power	72.44	W
3	2023-10-08 01:15:06.337	frequency	2505	MHz
3	2023-10-08 01:15:06.337	utilization	36	percent
3	2023-10-08 01:15:06.337	package_power	71.89	W
3	2023-10-08 01:15:06.554	frequency	2505	MHz
3	2023-10-08 01:15:06.554	utilization	29	percent
3	2023-10-08 01:15:06.554	package_power	70.33	W
3	2023-10-08 01:15:06.770	frequency	2505	MHz
3	2023-10-08 01:15:06.770	utilization	33	percent
3	2023-10-08 01:15:06.770	package_power	68.93	W
3	2023-10-08 01:15:06.967	frequency	2505	MHz
3	2023-10-08 01:15:06.967	utilization	42	percent
3	2023-10-08 01:15:06.967	package_power	67.52	W
3	2023-10-08 01:15:07.161	frequency	2640	MHz
3	2023-10-08 01:15:07.161	utilization	28	percent
3	2023-10-08 01:15:07.161	package_power	68.40	W
3	2023-10-08 01:15:07.374	frequency	2640	MHz
3	2023-10-08 01:15:07.374	utilization	31	percent
3	2023-10-08 01:15:07.374	package_power	67.92	W
3	2023-10-08 01:15:07.587	frequency	2640	MHz
3	2023-10-08 01:15:07.587	utilization	33	percent
3	2023-10-08 01:15:07.587	package_power	69.29	W
3	2023-10-08 01:15:07.802	frequency	2640	MHz
3	2023-10-08 01:15:07.802	utilization	31	percent
3	2023-10-08 01:15:07.802	package_power	70.26	W
3	2023-10-08 01:15:07.935	frequency	2640	MHz
3	2023-10-08 01:15:07.935	utilization	31	percent
3	2023-10-08 01:15:07.935	package_power	69.33	W
3	2023-10-08 01:15:08.022	frequency	2640	MHz
3	2023-10-08 01:15:08.022	utilization	4	percent
3	2023-10-08 01:15:08.022	package_power	67.81	W
3	2023-10-08 01:15:08.109	frequency	2640	MHz
3	2023-10-08 01:15:08.109	utilization	4	percent
3	2023-10-08 01:15:08.109	package_power	66.86	W
3	2023-10-08 01:15:08.208	frequency	2640	MHz
3	2023-10-08 01:15:08.208	utilization	0	percent
3	2023-10-08 01:15:08.208	package_power	66.39	W
3	2023-10-08 01:15:08.308	frequency	2640	MHz
3	2023-10-08 01:15:08.308	utilization	0	percent
3	2023-10-08 01:15:08.308	package_power	68.81	W
3	2023-10-08 01:15:08.488	frequency	2640	MHz
3	2023-10-08 01:15:08.488	utilization	27	percent
3	2023-10-08 01:15:08.488	package_power	67.12	W
3	2023-10-08 01:15:08.575	frequency	2640	MHz
3	2023-10-08 01:15:08.575	utilization	27	percent
3	2023-10-08 01:15:08.575	package_power	67.12	W
3	2023-10-08 01:15:08.661	frequency	2640	MHz
3	2023-10-08 01:15:08.661	utilization	0	percent
3	2023-10-08 01:15:08.661	package_power	65.92	W
3	2023-10-08 01:15:08.747	frequency	2640	MHz
3	2023-10-08 01:15:08.747	utilization	0	percent
3	2023-10-08 01:15:08.747	package_power	64.74	W
3	2023-10-08 01:15:08.834	frequency	2505	MHz
3	2023-10-08 01:15:08.834	utilization	0	percent
3	2023-10-08 01:15:08.834	package_power	62.84	W
3	2023-10-08 01:15:08.921	frequency	2505	MHz
3	2023-10-08 01:15:08.921	utilization	0	percent
3	2023-10-08 01:15:08.921	package_power	61.12	W
3	2023-10-08 01:15:09.008	frequency	2505	MHz
3	2023-10-08 01:15:09.008	utilization	0	percent
3	2023-10-08 01:15:09.008	package_power	60.99	W
3	2023-10-08 01:15:09.097	frequency	2505	MHz
3	2023-10-08 01:15:09.097	utilization	0	percent
3	2023-10-08 01:15:09.097	package_power	60.84	W
3	2023-10-08 01:15:09.183	frequency	2505	MHz
3	2023-10-08 01:15:09.183	utilization	0	percent
3	2023-10-08 01:15:09.183	package_power	60.72	W
3	2023-10-08 01:15:09.276	frequency	2505	MHz
3	2023-10-08 01:15:09.276	utilization	0	percent
3	2023-10-08 01:15:09.276	package_power	60.59	W
3	2023-10-08 01:15:09.362	frequency	2505	MHz
3	2023-10-08 01:15:09.362	utilization	0	percent
3	2023-10-08 01:15:09.362	package_power	60.59	W
3	2023-10-08 01:15:09.462	frequency	2505	MHz
3	2023-10-08 01:15:09.462	utilization	0	percent
3	2023-10-08 01:15:09.462	package_power	56.48	W
3	2023-10-08 01:15:09.652	frequency	2505	MHz
3	2023-10-08 01:15:09.652	utilization	32	percent
3	2023-10-08 01:15:09.652	package_power	58.04	W
3	2023-10-08 01:15:09.879	frequency	2505	MHz
3	2023-10-08 01:15:09.879	utilization	36	percent
3	2023-10-08 01:15:09.879	package_power	61.48	W
3	2023-10-08 01:15:10.091	frequency	2505	MHz
3	2023-10-08 01:15:10.091	utilization	40	percent
3	2023-10-08 01:15:10.091	package_power	64.00	W
3	2023-10-08 01:15:10.308	frequency	2505	MHz
3	2023-10-08 01:15:10.308	utilization	28	percent
3	2023-10-08 01:15:10.308	package_power	65.78	W
3	2023-10-08 01:15:10.521	frequency	2505	MHz
3	2023-10-08 01:15:10.521	utilization	33	percent
3	2023-10-08 01:15:10.521	package_power	66.20	W
3	2023-10-08 01:15:10.731	frequency	2505	MHz
3	2023-10-08 01:15:10.731	utilization	36	percent
3	2023-10-08 01:15:10.731	package_power	67.41	W
3	2023-10-08 01:15:10.955	frequency	2505	MHz
3	2023-10-08 01:15:10.955	utilization	41	percent
3	2023-10-08 01:15:10.955	package_power	67.07	W
3	2023-10-08 01:15:11.174	frequency	2535	MHz
3	2023-10-08 01:15:11.174	utilization	29	percent
3	2023-10-08 01:15:11.174	package_power	67.32	W
3	2023-10-08 01:15:11.393	frequency	2535	MHz
3	2023-10-08 01:15:11.393	utilization	34	percent
3	2023-10-08 01:15:11.393	package_power	68.69	W
3	2023-10-08 01:15:11.621	frequency	2535	MHz
3	2023-10-08 01:15:11.621	utilization	35	percent
3	2023-10-08 01:15:11.621	package_power	69.10	W
3	2023-10-08 01:15:11.840	frequency	2535	MHz
3	2023-10-08 01:15:11.840	utilization	29	percent
3	2023-10-08 01:15:11.840	package_power	68.62	W
3	2023-10-08 01:15:12.066	frequency	2535	MHz
3	2023-10-08 01:15:12.066	utilization	35	percent
3	2023-10-08 01:15:12.066	package_power	68.86	W
3	2023-10-08 01:15:12.282	frequency	2535	MHz
3	2023-10-08 01:15:12.282	utilization	35	percent
3	2023-10-08 01:15:12.282	package_power	69.30	W
3	2023-10-08 01:15:12.504	frequency	2535	MHz
3	2023-10-08 01:15:12.504	utilization	32	percent
3	2023-10-08 01:15:12.504	package_power	68.52	W
3	2023-10-08 01:15:12.722	frequency	2535	MHz
3	2023-10-08 01:15:12.722	utilization	32	percent
3	2023-10-08 01:15:12.722	package_power	69.55	W
3	2023-10-08 01:15:12.938	frequency	2505	MHz
3	2023-10-08 01:15:12.938	utilization	30	percent
3	2023-10-08 01:15:12.938	package_power	69.46	W
3	2023-10-08 01:15:13.131	frequency	2505	MHz
3	2023-10-08 01:15:13.131	utilization	36	percent
3	2023-10-08 01:15:13.131	package_power	68.69	W
3	2023-10-08 01:15:13.347	frequency	2505	MHz
3	2023-10-08 01:15:13.347	utilization	32	percent
3	2023-10-08 01:15:13.347	package_power	69.53	W
3	2023-10-08 01:15:13.536	frequency	2505	MHz
3	2023-10-08 01:15:13.536	utilization	37	percent
3	2023-10-08 01:15:13.536	package_power	69.40	W
3	2023-10-08 01:15:13.741	frequency	2505	MHz
3	2023-10-08 01:15:13.741	utilization	28	percent
3	2023-10-08 01:15:13.741	package_power	68.50	W
3	2023-10-08 01:15:13.951	frequency	2505	MHz
3	2023-10-08 01:15:13.951	utilization	32	percent
3	2023-10-08 01:15:13.951	package_power	67.14	W
3	2023-10-08 01:15:14.181	frequency	2505	MHz
3	2023-10-08 01:15:14.181	utilization	38	percent
3	2023-10-08 01:15:14.181	package_power	66.39	W
3	2023-10-08 01:15:14.378	frequency	2505	MHz
3	2023-10-08 01:15:14.378	utilization	31	percent
3	2023-10-08 01:15:14.378	package_power	66.00	W
3	2023-10-08 01:15:14.603	frequency	2505	MHz
3	2023-10-08 01:15:14.603	utilization	38	percent
3	2023-10-08 01:15:14.603	package_power	65.72	W
3	2023-10-08 01:15:14.811	frequency	2505	MHz
3	2023-10-08 01:15:14.811	utilization	27	percent
3	2023-10-08 01:15:14.811	package_power	66.50	W
3	2023-10-08 01:15:15.020	frequency	2505	MHz
3	2023-10-08 01:15:15.020	utilization	35	percent
3	2023-10-08 01:15:15.020	package_power	67.61	W
3	2023-10-08 01:15:15.233	frequency	2520	MHz
3	2023-10-08 01:15:15.233	utilization	40	percent
3	2023-10-08 01:15:15.233	package_power	67.92	W
3	2023-10-08 01:15:15.480	frequency	2520	MHz
3	2023-10-08 01:15:15.480	utilization	27	percent
3	2023-10-08 01:15:15.480	package_power	68.74	W
3	2023-10-08 01:15:15.673	frequency	2520	MHz
3	2023-10-08 01:15:15.673	utilization	34	percent
3	2023-10-08 01:15:15.673	package_power	68.23	W
3	2023-10-08 01:15:15.878	frequency	2520	MHz
3	2023-10-08 01:15:15.878	utilization	33	percent
3	2023-10-08 01:15:15.878	package_power	68.18	W
3	2023-10-08 01:15:16.089	frequency	2520	MHz
3	2023-10-08 01:15:16.089	utilization	35	percent
3	2023-10-08 01:15:16.089	package_power	68.07	W
3	2023-10-08 01:15:16.291	frequency	2520	MHz
3	2023-10-08 01:15:16.291	utilization	39	percent
3	2023-10-08 01:15:16.291	package_power	68.07	W
3	2023-10-08 01:15:16.498	frequency	2520	MHz
3	2023-10-08 01:15:16.498	utilization	29	percent
3	2023-10-08 01:15:16.498	package_power	66.43	W
3	2023-10-08 01:15:16.717	frequency	2520	MHz
3	2023-10-08 01:15:16.717	utilization	32	percent
3	2023-10-08 01:15:16.717	package_power	66.76	W
3	2023-10-08 01:15:16.922	frequency	2520	MHz
3	2023-10-08 01:15:16.922	utilization	31	percent
3	2023-10-08 01:15:16.922	package_power	66.42	W
3	2023-10-08 01:15:17.155	frequency	2505	MHz
3	2023-10-08 01:15:17.155	utilization	39	percent
3	2023-10-08 01:15:17.155	package_power	67.14	W
3	2023-10-08 01:15:17.374	frequency	2505	MHz
3	2023-10-08 01:15:17.374	utilization	31	percent
3	2023-10-08 01:15:17.374	package_power	66.12	W
3	2023-10-08 01:15:17.588	frequency	2505	MHz
3	2023-10-08 01:15:17.588	utilization	35	percent
3	2023-10-08 01:15:17.588	package_power	65.54	W
4	2023-10-08 01:15:17.905	frequency	2505	MHz
4	2023-10-08 01:15:17.905	utilization	8	percent
4	2023-10-08 01:15:17.905	package_power	62.18	W
4	2023-10-08 01:15:18.011	frequency	2505	MHz
4	2023-10-08 01:15:18.011	utilization	2	percent
4	2023-10-08 01:15:18.011	package_power	60.94	W
4	2023-10-08 01:15:18.099	frequency	2505	MHz
4	2023-10-08 01:15:18.099	utilization	2	percent
4	2023-10-08 01:15:18.099	package_power	60.46	W
4	2023-10-08 01:15:18.186	frequency	2505	MHz
4	2023-10-08 01:15:18.186	utilization	1	percent
4	2023-10-08 01:15:18.186	package_power	58.92	W
4	2023-10-08 01:15:18.285	frequency	2505	MHz
4	2023-10-08 01:15:18.285	utilization	1	percent
4	2023-10-08 01:15:18.285	package_power	57.67	W
4	2023-10-08 01:15:18.372	frequency	2505	MHz
4	2023-10-08 01:15:18.372	utilization	1	percent
4	2023-10-08 01:15:18.372	package_power	57.67	W
4	2023-10-08 01:15:18.459	frequency	2505	MHz
4	2023-10-08 01:15:18.459	utilization	0	percent
4	2023-10-08 01:15:18.459	package_power	57.14	W
4	2023-10-08 01:15:18.557	frequency	2505	MHz
4	2023-10-08 01:15:18.557	utilization	0	percent
4	2023-10-08 01:15:18.557	package_power	55.34	W
4	2023-10-08 01:15:18.741	frequency	2505	MHz
4	2023-10-08 01:15:18.741	utilization	39	percent
4	2023-10-08 01:15:18.741	package_power	57.07	W
4	2023-10-08 01:15:18.947	frequency	2505	MHz
4	2023-10-08 01:15:18.947	utilization	30	percent
4	2023-10-08 01:15:18.947	package_power	58.00	W
4	2023-10-08 01:15:19.163	frequency	2505	MHz
4	2023-10-08 01:15:19.163	utilization	35	percent
4	2023-10-08 01:15:19.163	package_power	62.10	W
4	2023-10-08 01:15:19.395	frequency	2505	MHz
4	2023-10-08 01:15:19.395	utilization	29	percent
4	2023-10-08 01:15:19.395	package_power	63.62	W
4	2023-10-08 01:15:19.617	frequency	2505	MHz
4	2023-10-08 01:15:19.617	utilization	34	percent
4	2023-10-08 01:15:19.617	package_power	65.30	W
4	2023-10-08 01:15:19.829	frequency	2505	MHz
4	2023-10-08 01:15:19.829	utilization	37	percent
4	2023-10-08 01:15:19.829	package_power	64.86	W
4	2023-10-08 01:15:20.017	frequency	2505	MHz
4	2023-10-08 01:15:20.017	utilization	32	percent
4	2023-10-08 01:15:20.017	package_power	67.04	W
4	2023-10-08 01:15:20.240	frequency	2505	MHz
4	2023-10-08 01:15:20.240	utilization	32	percent
4	2023-10-08 01:15:20.240	package_power	67.18	W
4	2023-10-08 01:15:20.450	frequency	2505	MHz
4	2023-10-08 01:15:20.450	utilization	36	percent
4	2023-10-08 01:15:20.450	package_power	66.91	W
4	2023-10-08 01:15:20.645	frequency	2505	MHz
4	2023-10-08 01:15:20.645	utilization	30	percent
4	2023-10-08 01:15:20.645	package_power	68.72	W
4	2023-10-08 01:15:20.863	frequency	2505	MHz
4	2023-10-08 01:15:20.863	utilization	37	percent
4	2023-10-08 01:15:20.863	package_power	69.00	W
4	2023-10-08 01:15:21.055	frequency	2505	MHz
4	2023-10-08 01:15:21.055	utilization	29	percent
4	2023-10-08 01:15:21.055	package_power	68.84	W
4	2023-10-08 01:15:21.251	frequency	2505	MHz
4	2023-10-08 01:15:21.251	utilization	32	percent
4	2023-10-08 01:15:21.251	package_power	68.54	W
4	2023-10-08 01:15:21.477	frequency	2505	MHz
4	2023-10-08 01:15:21.477	utilization	37	percent
4	2023-10-08 01:15:21.477	package_power	67.53	W
4	2023-10-08 01:15:21.685	frequency	2505	MHz
4	2023-10-08 01:15:21.685	utilization	28	percent
4	2023-10-08 01:15:21.685	package_power	66.28	W
4	2023-10-08 01:15:21.877	frequency	2505	MHz
4	2023-10-08 01:15:21.877	utilization	38	percent
4	2023-10-08 01:15:21.877	package_power	65.58	W
4	2023-10-08 01:15:22.095	frequency	2505	MHz
4	2023-10-08 01:15:22.095	utilization	27	percent
4	2023-10-08 01:15:22.095	package_power	65.56	W
4	2023-10-08 01:15:22.294	frequency	2505	MHz
4	2023-10-08 01:15:22.294	utilization	35	percent
4	2023-10-08 01:15:22.294	package_power	65.56	W
4	2023-10-08 01:15:22.507	frequency	2505	MHz
4	2023-10-08 01:15:22.507	utilization	39	percent
4	2023-10-08 01:15:22.507	package_power	66.30	W
4	2023-10-08 01:15:22.702	frequency	2505	MHz
4	2023-10-08 01:15:22.702	utilization	28	percent
4	2023-10-08 01:15:22.702	package_power	66.80	W
4	2023-10-08 01:15:22.904	frequency	2505	MHz
4	2023-10-08 01:15:22.904	utilization	34	percent
4	2023-10-08 01:15:22.904	package_power	66.32	W
4	2023-10-08 01:15:23.138	frequency	2505	MHz
4	2023-10-08 01:15:23.138	utilization	33	percent
4	2023-10-08 01:15:23.138	package_power	67.29	W
4	2023-10-08 01:15:23.349	frequency	2505	MHz
4	2023-10-08 01:15:23.349	utilization	35	percent
4	2023-10-08 01:15:23.349	package_power	67.15	W
4	2023-10-08 01:15:23.566	frequency	2505	MHz
4	2023-10-08 01:15:23.566	utilization	34	percent
4	2023-10-08 01:15:23.566	package_power	67.59	W
4	2023-10-08 01:15:23.773	frequency	2505	MHz
4	2023-10-08 01:15:23.773	utilization	34	percent
4	2023-10-08 01:15:23.773	package_power	66.90	W
4	2023-10-08 01:15:23.860	frequency	2505	MHz
4	2023-10-08 01:15:23.860	utilization	23	percent
4	2023-10-08 01:15:23.860	package_power	66.90	W
4	2023-10-08 01:15:23.947	frequency	2505	MHz
4	2023-10-08 01:15:23.947	utilization	23	percent
4	2023-10-08 01:15:23.947	package_power	65.47	W
4	2023-10-08 01:15:24.034	frequency	2505	MHz
4	2023-10-08 01:15:24.034	utilization	0	percent
4	2023-10-08 01:15:24.034	package_power	64.16	W
4	2023-10-08 01:15:24.135	frequency	2505	MHz
4	2023-10-08 01:15:24.135	utilization	3	percent
4	2023-10-08 01:15:24.135	package_power	62.01	W
4	2023-10-08 01:15:24.369	frequency	2505	MHz
4	2023-10-08 01:15:24.369	utilization	3	percent
4	2023-10-08 01:15:24.369	package_power	61.63	W
4	2023-10-08 01:15:24.456	frequency	2505	MHz
4	2023-10-08 01:15:24.456	utilization	25	percent
4	2023-10-08 01:15:24.456	package_power	59.95	W
4	2023-10-08 01:15:24.555	frequency	2505	MHz
4	2023-10-08 01:15:24.555	utilization	25	percent
4	2023-10-08 01:15:24.555	package_power	58.46	W
4	2023-10-08 01:15:24.685	frequency	2505	MHz
4	2023-10-08 01:15:24.685	utilization	4	percent
4	2023-10-08 01:15:24.685	package_power	58.62	W
4	2023-10-08 01:15:24.834	frequency	2505	MHz
4	2023-10-08 01:15:24.834	utilization	28	percent
4	2023-10-08 01:15:24.834	package_power	57.71	W
4	2023-10-08 01:15:24.961	frequency	2505	MHz
4	2023-10-08 01:15:24.961	utilization	38	percent
4	2023-10-08 01:15:24.961	package_power	63.03	W
4	2023-10-08 01:15:25.164	frequency	2760	MHz
4	2023-10-08 01:15:25.164	utilization	69	percent
4	2023-10-08 01:15:25.164	package_power	71.38	W
4	2023-10-08 01:15:25.385	frequency	2805	MHz
4	2023-10-08 01:15:25.385	utilization	48	percent
4	2023-10-08 01:15:25.385	package_power	77.60	W
4	2023-10-08 01:15:25.586	frequency	2805	MHz
4	2023-10-08 01:15:25.586	utilization	56	percent
4	2023-10-08 01:15:25.586	package_power	88.89	W
4	2023-10-08 01:15:25.827	frequency	2805	MHz
4	2023-10-08 01:15:25.827	utilization	62	percent
4	2023-10-08 01:15:25.827	package_power	93.86	W
4	2023-10-08 01:15:26.045	frequency	2805	MHz
4	2023-10-08 01:15:26.045	utilization	46	percent
4	2023-10-08 01:15:26.045	package_power	93.53	W
4	2023-10-08 01:15:26.259	frequency	2805	MHz
4	2023-10-08 01:15:26.259	utilization	56	percent
4	2023-10-08 01:15:26.259	package_power	95.98	W
4	2023-10-08 01:15:26.481	frequency	2805	MHz
4	2023-10-08 01:15:26.481	utilization	52	percent
4	2023-10-08 01:15:26.481	package_power	92.16	W
4	2023-10-08 01:15:26.773	frequency	2805	MHz
4	2023-10-08 01:15:26.773	utilization	68	percent
4	2023-10-08 01:15:26.773	package_power	88.58	W
4	2023-10-08 01:15:27.000	frequency	2805	MHz
4	2023-10-08 01:15:27.000	utilization	53	percent
4	2023-10-08 01:15:27.000	package_power	93.89	W
4	2023-10-08 01:15:27.206	frequency	2805	MHz
4	2023-10-08 01:15:27.206	utilization	55	percent
4	2023-10-08 01:15:27.206	package_power	95.79	W
4	2023-10-08 01:15:27.397	frequency	2805	MHz
4	2023-10-08 01:15:27.397	utilization	60	percent
4	2023-10-08 01:15:27.397	package_power	98.78	W
4	2023-10-08 01:15:27.618	frequency	2805	MHz
4	2023-10-08 01:15:27.618	utilization	52	percent
4	2023-10-08 01:15:27.618	package_power	101.06	W
4	2023-10-08 01:15:27.852	frequency	2790	MHz
4	2023-10-08 01:15:27.852	utilization	60	percent
4	2023-10-08 01:15:27.852	package_power	101.86	W
4	2023-10-08 01:15:28.072	frequency	2790	MHz
4	2023-10-08 01:15:28.072	utilization	52	percent
4	2023-10-08 01:15:28.072	package_power	101.22	W
4	2023-10-08 01:15:28.280	frequency	2790	MHz
4	2023-10-08 01:15:28.280	utilization	60	percent
4	2023-10-08 01:15:28.280	package_power	99.74	W
4	2023-10-08 01:15:28.514	frequency	2790	MHz
4	2023-10-08 01:15:28.514	utilization	53	percent
4	2023-10-08 01:15:28.514	package_power	96.72	W
4	2023-10-08 01:15:28.723	frequency	2790	MHz
4	2023-10-08 01:15:28.723	utilization	52	percent
4	2023-10-08 01:15:28.723	package_power	97.22	W
4	2023-10-08 01:15:28.975	frequency	2790	MHz
4	2023-10-08 01:15:28.975	utilization	55	percent
4	2023-10-08 01:15:28.975	package_power	93.85	W
4	2023-10-08 01:15:29.259	frequency	2790	MHz
4	2023-10-08 01:15:29.259	utilization	42	percent
4	2023-10-08 01:15:29.259	package_power	90.65	W
4	2023-10-08 01:15:29.461	frequency	2790	MHz
4	2023-10-08 01:15:29.461	utilization	67	percent
4	2023-10-08 01:15:29.461	package_power	88.34	W
4	2023-10-08 01:15:29.658	frequency	2790	MHz
4	2023-10-08 01:15:29.658	utilization	48	percent
4	2023-10-08 01:15:29.658	package_power	89.40	W
4	2023-10-08 01:15:29.866	frequency	2790	MHz
4	2023-10-08 01:15:29.866	utilization	53	percent
4	2023-10-08 01:15:29.866	package_power	87.55	W
4	2023-10-08 01:15:30.093	frequency	2790	MHz
4	2023-10-08 01:15:30.093	utilization	57	percent
4	2023-10-08 01:15:30.093	package_power	88.97	W
4	2023-10-08 01:15:30.317	frequency	2790	MHz
4	2023-10-08 01:15:30.317	utilization	60	percent
4	2023-10-08 01:15:30.317	package_power	86.63	W
4	2023-10-08 01:15:30.591	frequency	2790	MHz
4	2023-10-08 01:15:30.591	utilization	50	percent
4	2023-10-08 01:15:30.591	package_power	90.46	W
4	2023-10-08 01:15:30.812	frequency	2790	MHz
4	2023-10-08 01:15:30.812	utilization	56	percent
4	2023-10-08 01:15:30.812	package_power	94.03	W
4	2023-10-08 01:15:31.026	frequency	2790	MHz
4	2023-10-08 01:15:31.026	utilization	54	percent
4	2023-10-08 01:15:31.026	package_power	95.56	W
4	2023-10-08 01:15:31.230	frequency	2790	MHz
4	2023-10-08 01:15:31.230	utilization	57	percent
4	2023-10-08 01:15:31.230	package_power	97.10	W
4	2023-10-08 01:15:31.441	frequency	2790	MHz
4	2023-10-08 01:15:31.441	utilization	67	percent
4	2023-10-08 01:15:31.441	package_power	98.69	W
5	2023-10-08 01:15:31.851	frequency	2805	MHz
5	2023-10-08 01:15:31.851	utilization	1	percent
5	2023-10-08 01:15:31.851	package_power	89.61	W
5	2023-10-08 01:15:31.953	frequency	2805	MHz
5	2023-10-08 01:15:31.953	utilization	1	percent
5	2023-10-08 01:15:31.953	package_power	84.11	W
5	2023-10-08 01:15:32.040	frequency	2805	MHz
5	2023-10-08 01:15:32.040	utilization	2	percent
5	2023-10-08 01:15:32.040	package_power	81.34	W
5	2023-10-08 01:15:32.126	frequency	2805	MHz
5	2023-10-08 01:15:32.126	utilization	2	percent
5	2023-10-08 01:15:32.126	package_power	78.00	W
5	2023-10-08 01:15:32.238	frequency	2805	MHz
5	2023-10-08 01:15:32.238	utilization	1	percent
5	2023-10-08 01:15:32.238	package_power	73.90	W
5	2023-10-08 01:15:32.324	frequency	2805	MHz
5	2023-10-08 01:15:32.324	utilization	1	percent
5	2023-10-08 01:15:32.324	package_power	69.48	W
5	2023-10-08 01:15:32.412	frequency	2805	MHz
5	2023-10-08 01:15:32.412	utilization	0	percent
5	2023-10-08 01:15:32.412	package_power	65.28	W
5	2023-10-08 01:15:32.513	frequency	2805	MHz
5	2023-10-08 01:15:32.513	utilization	0	percent
5	2023-10-08 01:15:32.513	package_power	62.61	W
5	2023-10-08 01:15:32.710	frequency	2805	MHz
5	2023-10-08 01:15:32.710	utilization	9	percent
5	2023-10-08 01:15:32.710	package_power	63.07	W
5	2023-10-08 01:15:32.915	frequency	2805	MHz
5	2023-10-08 01:15:32.915	utilization	30	percent
5	2023-10-08 01:15:32.915	package_power	66.59	W
5	2023-10-08 01:15:33.140	frequency	2805	MHz
5	2023-10-08 01:15:33.140	utilization	37	percent
5	2023-10-08 01:15:33.140	package_power	69.22	W
5	2023-10-08 01:15:33.348	frequency	2640	MHz
5	2023-10-08 01:15:33.348	utilization	26	percent
5	2023-10-08 01:15:33.348	package_power	71.24	W
5	2023-10-08 01:15:33.557	frequency	2565	MHz
5	2023-10-08 01:15:33.557	utilization	33	percent
5	2023-10-08 01:15:33.557	package_power	73.12	W
5	2023-10-08 01:15:33.775	frequency	2520	MHz
5	2023-10-08 01:15:33.775	utilization	39	percent
5	2023-10-08 01:15:33.775	package_power	70.48	W
5	2023-10-08 01:15:33.986	frequency	2505	MHz
5	2023-10-08 01:15:33.986	utilization	30	percent
5	2023-10-08 01:15:33.986	package_power	68.26	W
5	2023-10-08 01:15:34.192	frequency	2505	MHz
5	2023-10-08 01:15:34.192	utilization	35	percent
5	2023-10-08 01:15:34.192	package_power	68.06	W
5	2023-10-08 01:15:34.404	frequency	2505	MHz
5	2023-10-08 01:15:34.404	utilization	35	percent
5	2023-10-08 01:15:34.404	package_power	67.37	W
5	2023-10-08 01:15:34.633	frequency	2505	MHz
5	2023-10-08 01:15:34.633	utilization	33	percent
5	2023-10-08 01:15:34.633	package_power	67.78	W
5	2023-10-08 01:15:34.853	frequency	2505	MHz
5	2023-10-08 01:15:34.853	utilization	38	percent
5	2023-10-08 01:15:34.853	package_power	67.85	W
5	2023-10-08 01:15:35.059	frequency	2505	MHz
5	2023-10-08 01:15:35.059	utilization	29	percent
5	2023-10-08 01:15:35.059	package_power	68.05	W
5	2023-10-08 01:15:35.278	frequency	2505	MHz
5	2023-10-08 01:15:35.278	utilization	34	percent
5	2023-10-08 01:15:35.278	package_power	67.82	W
5	2023-10-08 01:15:35.497	frequency	2505	MHz
5	2023-10-08 01:15:35.497	utilization	37	percent
5	2023-10-08 01:15:35.497	package_power	67.89	W
5	2023-10-08 01:15:35.695	frequency	2505	MHz
5	2023-10-08 01:15:35.695	utilization	30	percent
5	2023-10-08 01:15:35.695	package_power	66.56	W
5	2023-10-08 01:15:35.906	frequency	2505	MHz
5	2023-10-08 01:15:35.906	utilization	35	percent
5	2023-10-08 01:15:35.906	package_power	65.84	W
5	2023-10-08 01:15:36.126	frequency	2505	MHz
5	2023-10-08 01:15:36.126	utilization	35	percent
5	2023-10-08 01:15:36.126	package_power	66.15	W
5	2023-10-08 01:15:36.340	frequency	2505	MHz
5	2023-10-08 01:15:36.340	utilization	39	percent
5	2023-10-08 01:15:36.340	package_power	66.78	W
5	2023-10-08 01:15:36.542	frequency	2505	MHz
5	2023-10-08 01:15:36.542	utilization	28	percent
5	2023-10-08 01:15:36.542	package_power	66.71	W
5	2023-10-08 01:15:36.778	frequency	2505	MHz
5	2023-10-08 01:15:36.778	utilization	36	percent
5	2023-10-08 01:15:36.778	package_power	67.77	W
5	2023-10-08 01:15:36.965	frequency	2505	MHz
5	2023-10-08 01:15:36.965	utilization	38	percent
5	2023-10-08 01:15:36.965	package_power	68.37	W
5	2023-10-08 01:15:37.187	frequency	2505	MHz
5	2023-10-08 01:15:37.187	utilization	31	percent
5	2023-10-08 01:15:37.187	package_power	67.07	W
5	2023-10-08 01:15:37.403	frequency	2505	MHz
5	2023-10-08 01:15:37.403	utilization	35	percent
5	2023-10-08 01:15:37.403	package_power	66.55	W
5	2023-10-08 01:15:37.606	frequency	2505	MHz
5	2023-10-08 01:15:37.606	utilization	31	percent
5	2023-10-08 01:15:37.606	package_power	66.79	W
5	2023-10-08 01:15:37.732	frequency	2505	MHz
5	2023-10-08 01:15:37.732	utilization	31	percent
5	2023-10-08 01:15:37.732	package_power	66.01	W
5	2023-10-08 01:15:37.819	frequency	2505	MHz
5	2023-10-08 01:15:37.819	utilization	4	percent
5	2023-10-08 01:15:37.819	package_power	64.43	W
5	2023-10-08 01:15:37.906	frequency	2505	MHz
5	2023-10-08 01:15:37.906	utilization	4	percent
5	2023-10-08 01:15:37.906	package_power	62.98	W
5	2023-10-08 01:15:38.006	frequency	2505	MHz
5	2023-10-08 01:15:38.006	utilization	0	percent
5	2023-10-08 01:15:38.006	package_power	61.47	W
5	2023-10-08 01:15:38.104	frequency	2505	MHz
5	2023-10-08 01:15:38.104	utilization	0	percent
5	2023-10-08 01:15:38.104	package_power	61.31	W
5	2023-10-08 01:15:38.294	frequency	2505	MHz
5	2023-10-08 01:15:38.294	utilization	20	percent
5	2023-10-08 01:15:38.294	package_power	60.70	W
5	2023-10-08 01:15:38.391	frequency	2505	MHz
5	2023-10-08 01:15:38.391	utilization	8	percent
5	2023-10-08 01:15:38.391	package_power	59.90	W
5	2023-10-08 01:15:38.478	frequency	2505	MHz
5	2023-10-08 01:15:38.478	utilization	8	percent
5	2023-10-08 01:15:38.478	package_power	60.03	W
5	2023-10-08 01:15:38.675	frequency	2505	MHz
5	2023-10-08 01:15:38.675	utilization	28	percent
5	2023-10-08 01:15:38.675	package_power	59.21	W
5	2023-10-08 01:15:38.763	frequency	2505	MHz
5	2023-10-08 01:15:38.763	utilization	4	percent
5	2023-10-08 01:15:38.763	package_power	59.22	W
5	2023-10-08 01:15:38.951	frequency	2505	MHz
5	2023-10-08 01:15:38.951	utilization	55	percent
5	2023-10-08 01:15:38.951	package_power	63.34	W
5	2023-10-08 01:15:39.154	frequency	2805	MHz
5	2023-10-08 01:15:39.154	utilization	65	percent
5	2023-10-08 01:15:39.154	package_power	68.68	W
5	2023-10-08 01:15:39.370	frequency	2805	MHz
5	2023-10-08 01:15:39.370	utilization	47	percent
5	2023-10-08 01:15:39.370	package_power	73.93	W
5	2023-10-08 01:15:39.577	frequency	2805	MHz
5	2023-10-08 01:15:39.577	utilization	63	percent
5	2023-10-08 01:15:39.577	package_power	79.29	W
5	2023-10-08 01:15:39.807	frequency	2805	MHz
5	2023-10-08 01:15:39.807	utilization	42	percent
5	2023-10-08 01:15:39.807	package_power	85.01	W
5	2023-10-08 01:15:40.029	frequency	2805	MHz
5	2023-10-08 01:15:40.029	utilization	59	percent
5	2023-10-08 01:15:40.029	package_power	91.29	W
5	2023-10-08 01:15:40.234	frequency	2805	MHz
5	2023-10-08 01:15:40.234	utilization	60	percent
5	2023-10-08 01:15:40.234	package_power	90.34	W
5	2023-10-08 01:15:40.437	frequency	2805	MHz
5	2023-10-08 01:15:40.437	utilization	44	percent
5	2023-10-08 01:15:40.437	package_power	95.72	W
5	2023-10-08 01:15:40.650	frequency	2805	MHz
5	2023-10-08 01:15:40.650	utilization	62	percent
5	2023-10-08 01:15:40.650	package_power	96.97	W
5	2023-10-08 01:15:40.863	frequency	2805	MHz
5	2023-10-08 01:15:40.863	utilization	47	percent
5	2023-10-08 01:15:40.863	package_power	95.69	W
5	2023-10-08 01:15:41.076	frequency	2805	MHz
5	2023-10-08 01:15:41.076	utilization	57	percent
5	2023-10-08 01:15:41.076	package_power	93.06	W
5	2023-10-08 01:15:41.365	frequency	2805	MHz
5	2023-10-08 01:15:41.365	utilization	47	percent
5	2023-10-08 01:15:41.365	package_power	91.54	W
5	2023-10-08 01:15:41.569	frequency	2805	MHz
5	2023-10-08 01:15:41.569	utilization	65	percent
5	2023-10-08 01:15:41.569	package_power	86.03	W
5	2023-10-08 01:15:41.787	frequency	2805	MHz
5	2023-10-08 01:15:41.787	utilization	44	percent
5	2023-10-08 01:15:41.787	package_power	86.57	W
5	2023-10-08 01:15:41.998	frequency	2805	MHz
5	2023-10-08 01:15:41.998	utilization	51	percent
5	2023-10-08 01:15:41.998	package_power	87.50	W
5	2023-10-08 01:15:42.205	frequency	2805	MHz
5	2023-10-08 01:15:42.205	utilization	63	percent
5	2023-10-08 01:15:42.205	package_power	84.83	W
5	2023-10-08 01:15:42.392	frequency	2805	MHz
5	2023-10-08 01:15:42.392	utilization	49	percent
5	2023-10-08 01:15:42.392	package_power	87.68	W
5	2023-10-08 01:15:42.630	frequency	2805	MHz
5	2023-10-08 01:15:42.630	utilization	63	percent
5	2023-10-08 01:15:42.630	package_power	86.73	W
5	2023-10-08 01:15:42.838	frequency	2805	MHz
5	2023-10-08 01:15:42.838	utilization	53	percent
5	2023-10-08 01:15:42.838	package_power	90.69	W
5	2023-10-08 01:15:43.045	frequency	2805	MHz
5	2023-10-08 01:15:43.045	utilization	56	percent
5	2023-10-08 01:15:43.045	package_power	92.95	W
5	2023-10-08 01:15:43.248	frequency	2805	MHz
5	2023-10-08 01:15:43.248	utilization	63	percent
5	2023-10-08 01:15:43.248	package_power	90.95	W
5	2023-10-08 01:15:43.467	frequency	2805	MHz
5	2023-10-08 01:15:43.467	utilization	50	percent
5	2023-10-08 01:15:43.467	package_power	94.18	W
5	2023-10-08 01:15:43.661	frequency	2805	MHz
5	2023-10-08 01:15:43.661	utilization	53	percent
5	2023-10-08 01:15:43.661	package_power	92.97	W
5	2023-10-08 01:15:43.870	frequency	2805	MHz
5	2023-10-08 01:15:43.870	utilization	64	percent
5	2023-10-08 01:15:43.870	package_power	92.26	W
5	2023-10-08 01:15:44.068	frequency	2805	MHz
5	2023-10-08 01:15:44.068	utilization	55	percent
5	2023-10-08 01:15:44.068	package_power	91.93	W
5	2023-10-08 01:15:44.299	frequency	2805	MHz
5	2023-10-08 01:15:44.299	utilization	47	percent
5	2023-10-08 01:15:44.299	package_power	93.07	W
5	2023-10-08 01:15:44.519	frequency	2805	MHz
5	2023-10-08 01:15:44.519	utilization	47	percent
5	2023-10-08 01:15:44.519	package_power	91.18	W
5	2023-10-08 01:15:44.725	frequency	2805	MHz
5	2023-10-08 01:15:44.725	utilization	65	percent
5	2023-10-08 01:15:44.725	package_power	92.58	W
5	2023-10-08 01:15:44.930	frequency	2805	MHz
5	2023-10-08 01:15:44.930	utilization	52	percent
5	2023-10-08 01:15:44.930	package_power	95.38	W
5	2023-10-08 01:15:45.144	frequency	2805	MHz
5	2023-10-08 01:15:45.144	utilization	62	percent
5	2023-10-08 01:15:45.144	package_power	98.43	W
5	2023-10-08 01:15:45.358	frequency	2805	MHz
5	2023-10-08 01:15:45.358	utilization	53	percent
5	2023-10-08 01:15:45.358	package_power	91.12	W
